{
    "Paris": [48.85353, 2.34819],
    "Notre-Dame": [48.85290, 2.35007],
    "Dole": [47.0920, 5.4932],
    "Oxford": [51.7521, -1.2584],
    "Saint-Jean": [32.927778, 35.081667],
    "Westminster": [51.49941, -0.12724],
    "Westmoutiers": [51.49941, -0.12724],
    "Calais": [50.9505, 1.8764],
    "Salins": [46.93758, 5.87618],
    "Byzance": [41.0092, 28.9597],
    "Maubuisson": [49.046111, 2.116667],
    "Londres": [51.5077, -0.1268],
    "Santa Maria": [43.3217, 11.3230],
    "Sienne": [43.3217, 11.3230],
    "Florence": [43.7732, 11.2564],
    "Neauphle": [48.8118, 1.9032],
    "Clermont": [49.3850, 2.4176],
    "Vincennes": [48.8480, 2.4389],
    "Pontoise": [48.9946, 2.1011],
    "Carpentras": [43.9928, 5.0482],
    "Villandraut": [44.3965, -0.3708],
    "Roquemaure": [43.9908, 4.7791],
    "Rome": [41.8245, 12.486],
    "Bouvines": [50.5239, 3.186],
    "Montfaucon": [48.874, 2.3694],
    "Fontainebleau": [48.3526, 2.7026],
    "Poissy": [48.8719, 2.4857],
    "Saint-Denis": [48.932, 2.3597],
    "Cressay": [48.8118, 1.9032],
    "Essonne": [48.4638, 2.2659],
    "Saint-Martin": [47.3894, 0.6827]
}